{
  "ckpt": "best.pt",
  "state_key": "actor_state",
  "input_indices": [
    0,
    1,
    2,
    4,
    5,
    6,
    7
  ],
  "hidden": 64,
  "n_components": 4,
  "dropout": 0.1,
  "standardizer_mean": [
    3.800433397293091,
    0.1521625965833664,
    12.189593315124512,
    -0.19244137406349182,
    3.2929608821868896,
    -0.13468989729881287
  ],
  "standardizer_std": [
    11.197062492370605,
    7.894831657409668,
    7.320714950561523,
    0.5780021548271179,
    1.9914442300796509,
    0.2913214862346649
  ],
  "airport_name": "test",
  "runway": "27",
  "radar_side": 800,
  "nm_range": 60,
  "alt_floor_ft": 1000.0,
  "iter": 160
}